Predictor,Pearson r,Pearson p,Spearman ρ,Spearman p,t-statistic,R²,Strength
Temperature (°C),-0.7555,3.5075459582797117e-13,-0.6929,1.6004909757002267e-10,-9.1541,0.5708,Strong
Humidity (%),0.248,0.04639465595011796,0.2849,0.02145516505725636,2.0318,0.0615,Weak
Wind Speed (m/s),-0.3477,0.004544360342987805,-0.3226,0.008759189939532838,-2.9431,0.1209,Moderate
Traffic Index,0.2088,0.09505235760663412,0.2292,0.06628218132980387,1.6948,0.0436,Weak
