,N,Mean,SD,CV(%),Min,Q1,Median,Q3,Max,Skew,Kurt
pm25,65.0,49.470769230769235,38.7638754314057,78.36,5.0,20.4,39.2,71.2,154.4,1.0773605562616557,0.6039043015904908
temperature,65.0,16.255384615384617,9.232974716492222,56.8,-10.8,12.6,16.2,22.1,32.5,-0.5841051006484841,0.3773358599900578
humidity,65.0,57.29538461538462,15.290892211227723,26.69,20.0,46.6,56.9,68.2,89.7,-0.10735339246434908,-0.40304135091020754
wind_speed,65.0,3.6687692307692306,1.7445723936078037,47.55,0.5,2.3,3.67,4.89,7.78,0.018661014194386667,-0.6243185855801539
traffic_index,65.0,70.33846153846154,16.712903812508284,23.76,40.0,59.0,69.0,79.0,120.0,0.6296369794617509,0.6491017438589073
