Variable,Shapiro-Wilk W,Shapiro p-value,D'Agostino K²,D'Agostino p-value,Conclusion (α=0.05)
PM2.5 (μg/m³),0.895,4.5915709906450915e-05,11.9224,0.002576880990555914,Non-normal
Temperature (°C),0.9673,0.08285241826789444,4.4488,0.10813032423275816,Normal
Humidity (%),0.9881,0.7891243956596208,0.5796,0.7484090001768418,Normal
Wind Speed (m/s),0.9826,0.4932594637740185,1.6915,0.4292394364189547,Normal
Traffic Index,0.9679,0.08911215399904326,5.698,0.05790263415177184,Normal
