,pm25,temperature,humidity,wind_speed,traffic_index
pm25,1.0,-0.7555375261810575,0.24798848975694585,-0.3476643895958646,0.20881691788798284
temperature,-0.7555375261810575,1.0,-0.06297387279608012,0.00656661470613322,-0.04812947770550651
humidity,0.24798848975694585,-0.06297387279608012,1.0,-0.1301572570166495,0.018929467431219
wind_speed,-0.3476643895958646,0.00656661470613322,-0.1301572570166495,1.0,0.02730224678830228
traffic_index,0.20881691788798284,-0.04812947770550651,0.018929467431219,0.02730224678830228,1.0
