,pm25,temperature,humidity,wind_speed,traffic_index
pm25,0.0,3.5075459582797117e-13,0.04639465595011796,0.004544360342987805,0.09505235760663412
temperature,3.5075459582797117e-13,0.0,0.618233526003372,0.9585963915518901,0.7034081011155212
humidity,0.04639465595011796,0.618233526003372,0.0,0.3014147288511134,0.8810278180097161
wind_speed,0.004544360342987805,0.9585963915518901,0.3014147288511134,0.0,0.8290758623831067
traffic_index,0.09505235760663412,0.7034081011155212,0.8810278180097161,0.8290758623831067,0.0
