Variable,Coefficient (β),Std. Error,t-statistic,p-value,CI 2.5%,CI 97.5%,Significance
Intercept,74.4365,16.5996,4.4842,3.3613178694213985e-05,41.2324,107.6407,***
Temperature (°C),-3.0856,0.2744,-11.2433,2.220446049250313e-16,-3.6346,-2.5367,***
Humidity (%),0.3947,0.167,2.3637,0.021351394494919962,0.0607,0.7287,*
Wind Speed (m/s),-7.2764,1.461,-4.9803,5.683236892206622e-06,-10.1989,-4.3539,***
Traffic Index,0.4162,0.1514,2.7488,0.007890316405112507,0.1133,0.719,**
