,pm25,temperature,humidity,wind_speed,traffic_index
pm25,1.0,-0.6928961755254763,0.28485404933466546,-0.32264868596829016,0.22919561459618282
temperature,-0.6928961755254763,1.0,-0.03998601202057083,-0.0072782112665735164,-0.0708811284493484
humidity,0.28485404933466546,-0.03998601202057083,1.0,-0.13726518703897986,-0.028382134349079435
wind_speed,-0.32264868596829016,-0.0072782112665735164,-0.13726518703897986,1.0,0.003290876655148611
traffic_index,0.22919561459618282,-0.0708811284493484,-0.028382134349079435,0.003290876655148611,1.0
